{"text": " Tests, tests, tests, tests, tests, tests.", "segments": [{"id": 0, "seek": 0, "start": 0.0, "end": 4.96, "text": " Tests, tests, tests, tests, tests, tests.", "tokens": [50364, 314, 4409, 11, 6921, 11, 6921, 11, 6921, 11, 6921, 11, 6921, 13, 50612], "temperature": 0.0, "avg_logprob": -0.36464923620224, "compression_ratio": 2.1578947368421053, "no_speech_prob": 0.19748234748840332}], "language": "en"}